[{
    "type": "4111",
    "img": "4111-a"
}, {
    "type": "4121",
    "img": "4121-1-b-a"
}, {
    "type": "5111",
    "img": "5111-a"
}, {
    "type": "6111",
    "img": "6111-a"
}, {
    "type": "7121",
    "img": "7121-1-a-a"
}, {
    "type": "7122",
    "img": "7122-m-a"
}, {
    "type": "7123",
    "img": "7123"
}, {
    "type": "6112-1",
    "img": "6112-1-a"
}, {
    "type": "6112-0",
    "img": "6112-0-a"
}, {
    "type": "7023",
    "img": "7023-b"
}, {
    "type": "5610",
    "img": "610-a"
}, {
    "type": "7129",
    "img": "713-715-a"
}, {
    "type": "5510",
    "img": "510-a"
}, {
    "type": "AUTOBUS",
    "img": "autobus"
}
]